tweet_id,date,time,user_location,text,latitude,longitude,crime_type,severity_score
1957768565295313111,2025-08-19,11:36:14,"New Delhi, India","'POCSO Act is gender neutral'; Karnataka High Court refuses to quash sexual assault case against Woman

#KarnatakaHighCourt #DelayinFIR #Genderneutrality #POCSOAct #ProtectionofChildrenfromSexualOffences #Section4POCSOAct #Section6POCSOAct #SexualAssaultonminorboy #scconline",,,assault,0.0
1957768024506736703,2025-08-19,11:34:05,Pune,"A woman argued she couldn't be prosecuted under the POCSO Act for the 'penetrative sexual assault' of a minor boy, citing the law's use of the pronoun """"he"""".

The Karnataka High Court firmly rejected this for the following reasons:
‚ñ™Ô∏è POCSO is gender-neutral, intended to protect https://t.co/OHrQB8aoBW",,,assault,0.02
1957748462201762181,2025-08-19,10:16:21,,"@likith25 @RahulGandhi @grok N yes on the basis of CSDS data only rahul gandhi started his cry about vote chori, but failed to accept that in karnataka it was only congress who supported vote theft",,,theft,0.0
1957738185057849396,2025-08-19,09:35:30,,"Indian police have exhumed human remains in a temple town in Karnataka, officials said, as part of an investigation into allegations that hundreds of murder and rape victims were secretly buried there from around the mid-1990s. (dawn)
#India #rape",,,rape,0.0
1957735081398923503,2025-08-19,09:23:11,wherever you are,"@MhulRjput1 Allegations of """"vote chori"""" (vote theft) against BJP stem from opposition claims of rigging in 2024 Indian elections, citing voter list manipulations in areas like Karnataka and Maharashtra. BJP and the Election Commission deny this, calling it baseless and demanding proof.",,,theft,0.0
1957731140938215706,2025-08-19,09:07:31,,"@nidhisharmahu Those videos got crores of views in Karnataka as  emotional fool Hindus believed that jihadi not CBI or high court. then they made another video by bringing mask-man saying he buried 1000+ bodies of rape victims in Dharmasthala then state government formed SIT ,",,,rape,0.06
1957729794293973216,2025-08-19,09:02:10,Chennai,"Charges of penetrative sexual assault are equally applicable to a woman when she induces a boy to penetrate her, the Karnataka High Court interpreted, rejecting a petition filed by a 53-year-old artist, questioning the legality of the crime registered against her. 

The crime was https://t.co/6DAsZ5LwqS",,,assault,0.02
1957722729584693297,2025-08-19,08:34:06,Karnataka,"Dharmasthala siblings‚Äô murder case: family seeks fresh sit probe

#DharmasthalaMurder #JusticeForNarayana #LandDisputeKillings #SITProbe

https://t.co/LOauVyXAHb https://t.co/ZIMDKWdaG6",,,murder,0.0
1957719374397337613,2025-08-19,08:20:46,"Mumbai, India","A 48-year-old woman, a neighbor and art teacher to a 13-year-old boy, was accused of sexually assaulting him in 2020, leading to a police complaint filed four years later after the boy confessed to his mother

@ISalilTiwari reports

Read more: https://t.co/YQZUhZo1KB https://t.co/WhJF0u2qcF",,,assault,0.08
1957708759100195189,2025-08-19,07:38:35,India,"The Karnataka High Court on Aug 18 held that POCSO Act is gender neutral and a woman can be made accused.

The Court added that the ingredients of Section 4 POCSO on penetrative sexual assault apply equally to men and women as the provision is clearly inclusive.

Read more: https://t.co/aGabJHdSBQ",,,assault,0.24
1957707403195285804,2025-08-19,07:33:12,Bengaluru,"Declaring that the offence of penetrative sexual assault can be alleged even against a woman under POCSO Act, #KarnatakaHC refused to quash a criminal case against a 52-year-old woman, who allegedly compelled a 13-year-old boy for sex in 2020.
https://t.co/J93Wv7O5nO",,,assault,0.08
1957706243323130356,2025-08-19,07:28:35,Bengaluru Karnataka,"Karnataka High Court Upholds Gender Neutrality of POCSO Act, Refuses to Quash Sexual Assault Case Against Woman

Click to Read Complete News
https://t.co/idANrmpmmu 

Download App
https://t.co/OeyL6UPdIp",,,assault,0.0
1957705789092819107,2025-08-19,07:26:47,,"‚û°Ô∏èRewind - """"Sule Slams Karnataka MLA's Rape Remarks, Links to Hijab Debate""""
#supriyasule #mp #ncp #sharadpawar #loksabha #maharashtra #baramati #rape #womensafety #ncrb https://t.co/pGGAsiqkpp",,,rape,0.02
1957693964393541681,2025-08-19,06:39:47,wherever you are,"@VashisthShubh @ssaratht The video appears to show a violent attack in a corridor. After searching, it closely matches CCTV from the June 2, 2025, murder of Channappa Narinal in a Koppal, Karnataka bakery over a property dispute. Seven suspects were arrested; no communal angle reported in sources like",,,murder,0.02
1957680529001824282,2025-08-19,05:46:24,,"""""POCSO Act Is Gender Neutral"""", Says Karnataka High Court; Refuses To Quash FIR Against Woman In Sexual Assault Case On Minor Boy 

#KarnatakaHighCourt #POCSO 

 https://t.co/RoL2JrpKOO",,,assault,0.1
1957680219999072270,2025-08-19,05:45:11,New Delhi,"Belagavi, Karnataka: Three accused have been arrested for the murder of 22-year-old Muttanna Gudabali in Huddali village. The youth was attacked by Mahesh Nari, Vishal Nari and Siddappa Muttannavar after an argument for shouting in front of their house. Severely injured, he later https://t.co/pPKoDZo8BM",,,murder,0.02
1957676936853148128,2025-08-19,05:32:08,Hindu Rashtra Bharat,"2Ô∏è‚É£ Mahadevapura = BJP Lead = Fraud?  
Rahul blames Mahadevapura for Congress‚Äôs loss in Bengaluru Central. But BJP has won Mahadevapura consistently. By that logic, did Congress ‚Äústeal‚Äù Dhule via Malegaon? Electoral trends ‚â† electoral theft.",,,theft,0.04
1957673850457788661,2025-08-19,05:19:52,,"ECI on the Backfoot
by Hiren Gohain

https://t.co/1A9xdIiV27

Recent press conference of ECI after Rahul Gandhi‚Äôs exposure of large-scale vote theft and voter fraud in Karnataka and apprehension of yet another scam in Bihar SIR raised eyebrows and provoked derision among",,,theft,0.0
1957670284879634924,2025-08-19,05:05:42,Lucknow,"Karnataka High Court Upholds Gender Neutrality of POCSO Act, Refuses to Quash Sexual Assault Case Against Woman https://t.co/sivGAlDyAg",,,assault,0.0
1957657587790541203,2025-08-19,04:15:15,,"This is shocking, 54% of children reporting sexual assault are boys while 45% are girls. Gender justice is a necessity, thanks to the honorable High court of Karnataka. https://t.co/3aR5QZ96ji",,,assault,0.0
1957657499215294718,2025-08-19,04:14:53,India ,"while the family of the deceased has accused Karnataka police of murder.

Bhole Kori's wife Premvati said that my husband lived in Karnataka for 25 years. Initially he went there to work as a labourer. After this he started doing contracting work. He started earning decent money. https://t.co/gPYGHhdcWi",,,murder,0.0
1957656266232254749,2025-08-19,04:10:00,,"Source: https://t.co/pdIJ7YyByk
https://t.co/iyMLfPd8AV",,,unknown,0.0
1957640976085971250,2025-08-19,03:09:14,"Bengaluru South, India","#mass_burials #Dharmasthala 
Dharmasthala: Family demands reinvestigation into 2012 double murder https://t.co/tNZr2hbG62",,,murder,0.06
1957639892793716934,2025-08-19,03:04:56,wherever you are,"@RahulKhandelwa4 @MadhukumarVP1 This refers to the Dharmasthala mass burial case in Karnataka, India. A former temple sanitation worker alleges he disposed of over 100 rape and murder victims' bodies from 1998-2014. He left for Tamil Nadu in 2014 and claims he was contacted in 2023 to surrender with a skeleton.",,,rape,0.0
1957631989626073501,2025-08-19,02:33:32,‡§µ‡§ø‡§¶‡•ç‡§Ø‡•Å‡§¶‡§≠‡•Ä‡§®‡§®‡•ç‡§¶‡§ï ‚öîÔ∏è,Still unanswered !! Army man's assault towards a citizen of Karnataka ! https://t.co/vcDkU5eRl2 https://t.co/a4C1PqVwTR,,,assault,0.0
1957624909917790414,2025-08-19,02:05:24,Karnataka,"Former up MLA booked in bengaluru on rape charges

#BengaluruCrime #UPPolitics #SexualAssault #GudduPandit

https://t.co/J6JjO7eihQ https://t.co/0V5JnT90Jb",,,assault,0.0
1957623718282424775,2025-08-19,02:00:39,India,"Karnataka minister KN Rajanna removed from cabinet as he rightly  pointed out that the electoral rolls were prepared when the Congress was in power and wondered why the irregularities weren‚Äôt prevented then, even as Rahul Gandhi alleged ‚Äúvote theft‚Äù in Karnataka
@ImChloeCaroline https://t.co/ceLmNoM496",,,theft,0.0
1957623132036165761,2025-08-19,01:58:20,"Hisar, Haryana ",Karnataka HC: POCSO Act is gender neutral. FIR against woman for alleged sexual assault on minor boy not quashed. #POCSO #GenderNeutral #LegalUpdate https://t.co/oH9dGKXsna,,,assault,0.0
1957619701443633196,2025-08-19,01:44:42,Tamilnadu India,"POCSO Act is gender neutral and a woman can be made accused: Karnataka High Court
The Court added that the ingredients of Section 4 POCSO on penetrative sexual assault apply equally to men and women as the provision is clearly inclusive.

-Bar and Bench",,,assault,0.0
1957581352376942910,2025-08-18,23:12:19,,"""""Ex-UP MLA booked for rape after ‚Äòsecond wife‚Äô files complaint in fit of rage"""" -https://t.co/OusO7vhLu8 via @DeccanHerald 
#IncredibleIndia #IncredibleBharat #IndianMen #MLA #politicians #UttarPradesh",,,rape,0.0
1957518554833777111,2025-08-18,19:02:47,,"Rahul Gandhi‚Äôs vote heist drama in Bengaluru Central is spicier than a masala dosa! üòú Claims BJP stole 1L votes with fake addresses &amp; duplicate voters, but ECI‚Äôs like, ‚ÄúAffidavit or it didn‚Äôt happen!‚Äù Fact-check: some messy rolls, no proof of theft.",,,theft,0.0
1957510307745821027,2025-08-18,18:30:00,,"#Bengaluru assault: Couple beaten with cricket bat after tiff over child touching cattle food; accused absconding

https://t.co/cmFn13MEZD",,,assault,0.6
1957504675067855252,2025-08-18,18:07:37,Bangalore,"What a splendid judgement by the Karnataka High Court. 

Parliament, please enact a law to ensure that all laws are gender neutral. Rape does not have a gender. Domestic Violence does not have a gender. https://t.co/tNubbQeQmf",,,rape,0.0
1957503735225028711,2025-08-18,18:03:53,India,Source: The Hindu https://t.co/AFYcpGRqG6,,,unknown,0.0
1957500949884465258,2025-08-18,17:52:49,India,"POCSO Act Is Gender-Neutral, Woman Can Be Charged For Penetra...

https://t.co/mMPM7O7fsg

#POCSOAct #GenderNeutralLaw #KarnatakaHC https://t.co/UZFhFp0Qyc",,,unknown,0.0
1957489156395032958,2025-08-18,17:05:57,Hindustan,"#VoterAdhikarYatra

So the Karnataka, Telangana, Tamilnadu West Bengal Jharkhand etc states won after vote theft ???????? W

@ECISVEEP @narendramodi  @AmitShah @sambitswaraj @TNelectionsCEO @BYVijayendra @SpokespersonECI",,,theft,0.0
1957487297177481333,2025-08-18,16:58:34,India,"@__Amoxicillin_ Who says @RahulGandhi carries people‚Äôs voices?
His own Party‚Äôs Karnataka Minister exposed the fallacies &amp; errors in voter list used by him calling errors &amp; omissions as ‚ÄúVote Chori‚Äù, without finding meaning of ‚ÄòChori‚ÄôÔøº! (Theft)
Cambridge Dictionary:
 ‚Ä∫ ‚Äòtheft
(the act of) https://t.co/dmSdLUn3KG",,,theft,0.04
1957484085296701602,2025-08-18,16:45:48,Chennai,"Rahul clearly states vote theft happened in Mahadevapura constitution in Karnataka state and its only a sample report taken in one constitution.

Modi tenure 3 times has a CM and PM to be investigate. RSS pre-planned and existed in ECI.
#VoteTheft https://t.co/E45SlFjgFP",,,theft,0.0
1957480934833377641,2025-08-18,16:33:17,"Bangalore, India","https://t.co/IAoSjZ7sxH
When Congress was in power and introduced EVMs, appointed CECs are they willing to admit they had manupulated and won and ruled the country for 50+ years? If he has the courage let him go for fresh polls in Karnataka and Telangana to prove his point.",,,unknown,0.0
1957475165958439321,2025-08-18,16:10:22,wherever you are,"@saad_sikandar20 @san_x_m This refers to the 2024 case of Atul Subhash, a Bengaluru techie who died by suicide, leaving a note and video accusing his wife, Nikita Singhania (an Accenture AI specialist), of harassment, false dowry/rape cases, and demanding Rs 3 crore in divorce. She was arrested, bailed,",,,rape,0.0
1957475157901201601,2025-08-18,16:10:20,wherever you are,"@sachu1990 @TsiddiqueINC Karnataka Cooperation Minister K.N. Rajanna was sacked on Aug 11, 2025, for contradicting Rahul Gandhi's """"vote theft"""" claims by noting Congress's inaction on voter lists during their rule. The book he's holding in the rally image is the Indian Constitution.",,,theft,0.0
1957474629867745403,2025-08-18,16:08:14,chandi nalanda,"Karnataka Youth Congress stages protest against ‚Äòvote theft‚Äô in Kalaburagi.
This is unacceptable in a democracy,‚Äù Mr. Saradagi said. https://t.co/vBqRSFbQB7",,,theft,0.02
1957471443748589749,2025-08-18,15:55:34,Bharat üáÆüá≥,"@RahulGandhi Rahul ji, when your party wins in Telangana, Himachal Pradesh, or Karnataka, there‚Äôs no talk of ‚Äòvote theft. Why only now? Do you think the people of India are fools????

Naaaaa... Yeh galatiat kariyo ü§™

FYI : Bihar people will give right answer... Just waitu....üòÇ https://t.co/BmHH5QZs5H",,,theft,0.0
1957469428981051767,2025-08-18,15:47:34,Hyderabad,"#Karnataka: Home Minister Dr. G #Parameshwara has instructed officials to take legal action against a person who has alleged CM Siddaramaiah's involvement in the murder of 28 people.

Issue was raised by opposition BJP in Legislative Assembly today.

They questioned government's",,,murder,0.0
1957466587570839849,2025-08-18,15:36:17,Planet Earth üåè,"@INCIndia @grok Given the claims about election irregularities in Haryana and Maharashtra, and even Karnataka, what potential systemic vulnerabilities in India's voter list processes could lead to such widespread accusations of vote theft, and how might AI help in ensuring election",,,theft,0.0
1957463982740320456,2025-08-18,15:25:56,"New Delhi, India","STORY | POCSO Act gender neutral, says Karnataka HC; rejects woman‚Äôs plea to quash sexual assault case

READ: https://t.co/woOXLzPhKU https://t.co/VinnesCpo6",,,assault,0.12
1957458703017283729,2025-08-18,15:04:57,,"The Karnataka High Court dismissed a plea by a 52-year-old woman accused of sexually assaulting a minor boy under the POCSO Act.

Read details: https://t.co/ADUKQsYrmF 

#POCSO #KarnatakaHC #legalwiki",,,assault,0.0
1957458237965631916,2025-08-18,15:03:06,wherever you are,@Jost_tan @MadhukumarVP1 This post celebrates Karnataka Home Minister G. Parameshwara's order to arrest activist Mahesh Shetty Thimarodi by evening for allegedly defaming CM Siddaramaiah by accusing him of 28 murders linked to the Dharmasthala case (involving 2012 Soujanya rape-murder and mass burial,,,rape,0.0
1957452156010999965,2025-08-18,14:38:56,wherever you are,"@wanderlust_yolo @barandbench @ummar_jamal Yes, a key example is the Karnataka HC case where a 52-year-old woman was accused of penetrative sexual assault on a 13-year-old boy (2020); the court ruled POCSO is gender neutral.

Another: In Mumbai, a 40-year-old teacher was charged with assaulting a 16-year-old male student",,,assault,0.02
1957442510176825604,2025-08-18,14:00:36,,"@twtlikeakhiladi @pradip103 80 person registered in a Single Address in Mahadevpura..Bengaluru...
 And u Andhbhakts want Proof..
Did  #ECIVEEEP investigate it...

What about Anurag Thakur claiming Vote theft in some constituencies..
How did he got Information 

Lol",,,theft,0.04
1957441137154851208,2025-08-18,13:55:09,wherever you are,"@ShubhamKul33728 @ndtvindia India's opposition INDIA bloc is reportedly uniting to propose an impeachment motion against Chief Election Commissioner Gyanesh Kumar. This stems from allegations of """"vote chori"""" (vote theft) in recent elections, including voter list irregularities in Karnataka and Bihar, raised",,,theft,0.0
1957436075665764505,2025-08-18,13:35:02,Chennai,"A 40-year-old woman has filed a rape case against former Uttar Pradesh Shiv Sena MLA Bhagwan Sharma at the Bengaluru Airport police station on Sunday. 

https://t.co/Iythj1wnQl",,,rape,0.04
1957430700207902817,2025-08-18,13:13:40,"Banipur,WB/BilaspurCG, India ","On 18.8.25, Karnataka HC dismissed a 52-year-old woman's plea for quashing a sexual assault complaint registered by parents of a minor boy against her under the POCSO Act, observing that the provisions of the Act apply to both men and women and thus the act is """"gender neutral"""". https://t.co/IdHSzNZfZB",,,assault,0.0
1957426550065750327,2025-08-18,12:57:11,"New Delhi, India","Woman 'Manipulating' Minor Boy Into Penetrating Her Is Sexual Assault Under Section 3 POCSO Act: Karnataka High Court | @plumbermushi 

#KarnatakaHC #POCSOAct 
https://t.co/EXGL7N5N5y",,,assault,0.38
1957422108943819127,2025-08-18,12:39:32,,"@Indian_Analyzer Who is accusing of vote theft-

TMC- has been in power in Bengal for three consecutive terms. Bengal has the highest number of seats in Lok Sabha.

CONGRESS- has government in Himachal, Telangana and Karnataka too where Rahul ji had given an example of one seat in the PC

RJD-",,,theft,0.0
1957416830064001220,2025-08-18,12:18:33,,"They say they will not provide the electronic voter list... The Election Commission and the BJP together have committed theft in Bengaluru Central. I am telling you this with a guarantee.""""",,,theft,0.06
1957415827109528024,2025-08-18,12:14:34,India,"#WATCH | Bengaluru | On Koppal youth Gavisiddappa Nayaka's alleged murder, Karnataka BJP chief BY Vijayendra says, """"Gavisiddappa Nayaka's family demanded justice from the government. BJP demanded the CM act immediately to give compensation of Rs 50 lakhs, a government job to a https://t.co/6M2QYGqDm3",,,murder,0.16
1957414403579449706,2025-08-18,12:08:55,"Bhubaneshwar, India","Unfazed by the Election Commission‚Äôs dismissal of charges regarding vote theft and electoral malpractices in Karnataka, Bihar and other states, Congress leader Pawan Khera on Monday raked up the issue of alleged irregularities 
#OmmcomNews
https://t.co/lTTGgIOdEQ",,,theft,0.0
1957412477265711340,2025-08-18,12:01:16,,"@INCIndia If u win HP, KARNATAKA and TELANGANA everything is fine. If u loose then it is fraud. What is this hypocrisy. Many surveys conducted scientifically predicted big win for BJP in LS elections. But results are otherwise. Have Congis resorted to any theft of votes. First answer this.",,,theft,0.02
1957406664979530038,2025-08-18,11:38:10,"New Delhi, India","Karnataka HC dismissed a 52-year-old woman's plea for quashing sexual assault complaint registered against her under #POCSO Act by parents of a minor boy, observing that the Act """"gender neutral"""" and its provisions apply to both men and women.

Read more: https://t.co/U65KPm2TzR https://t.co/489SFskn4i",,,assault,1.0
1957403588008833093,2025-08-18,11:25:56,"New Delhi, India","The Karnataka High Court on Monday (August 18) dismissed a 52-year-old woman's plea for quashing a sexual assault complaint registered by the parents of a minor boy against her under the POCSO Act, observing that the provisions of the Act apply to both men and women and thus the https://t.co/BJCUGHgxHS",,,assault,0.26
1957401736403919244,2025-08-18,11:18:35,"New Delhi, India","Karnataka HC dismissed a 52-year-old woman's plea for quashing sexual assault complaint registered against her under #POCSO Act by parents of a minor boy, observing that the Act """"gender neutral"""" and its provisions apply to both men and women.

Read more: https://t.co/U65KPm2TzR https://t.co/CUIriUdUyA",,,assault,0.2
1957395432377901215,2025-08-18,10:53:32,Karnataka,"Bellare Police Arrest Absconder in 5-Year-Old Theft Case

#BellarePolice #CrimeUpdate #AbsconderArrested #JusticeServed #NewsKarnataka 

https://t.co/EjdwuLyaOe",,,theft,0.0
1957391256642101510,2025-08-18,10:36:56,Karnataka,"Puttur Rural Police Nab Accused in Gold and Cash Burglary Case

#PutturPolice #CrimeControl #GoldRecovery #SwiftAction #NewsKarnataka 

https://t.co/FDxqdob7Dr",,,burglary,0.0
1957388639643500611,2025-08-18,10:26:32,"New Delhi, India","Karnataka HC dismissed a 52-year-old woman's plea for quashing sexual assault complaint registered against her under #POCSO Act by parents of a minor boy, observing that the Act """"gender neutral"""" and its provisions apply to both men and women.

Read more: https://t.co/U65KPm2TzR https://t.co/IIXDs16G4z",,,assault,1.0
1957387906898641134,2025-08-18,10:23:38,,"@INCIndia He was forced to resign for saying the truth . Still truth persists

https://t.co/baZw6AfutV",,,unknown,0.0
1957387475938132109,2025-08-18,10:21:55,,"A chilling murder case has shaken Rajasthan‚Äôs Khairthal-Tijara region after the body of Hansram alias Suraj, a brick kiln worker from Uttar Pradesh, was found stuffed inside a blue plastic drum on the rooftop of a house in Adarsh Colony.
#RajasthanCrime
#KhairthalTijara
Bengaluru https://t.co/btsvpmJfeH",,,murder,0.0
1957359338390949974,2025-08-18,08:30:06,"Mysore, India","Kannada actor Darshan and six other accused in the Renukaswamy murder case are likely to be shifted to different prisons across Karnataka. 
https://t.co/gyJR5E3Qc7",,,murder,0.02
1957350566918795344,2025-08-18,07:55:15,wherever you are,"@RadhaEce1988 Allegations of """"vote theft"""" against PM Modi stem from opposition claims of ECI bias in voter list manipulations (e.g., duplicates in Karnataka, Bihar SIR). However, ECI denies this, demanding proof via affidavits; no independent verification confirms systematic fraud. It's a",,,theft,0.0
1957345026327118164,2025-08-18,07:33:14,wherever you are,"@RojRojKeKalesh Yes, India has seen electoral fraud like booth capturing in the 1980s-90s, especially in Bihar, leading to EVM reforms that reduced rigging. Recent 2024 claims by Rahul Gandhi allege """"vote theft"""" via voter list duplicates in states like Karnataka, but the Election Commission",,,theft,0.02
1957344254814228750,2025-08-18,07:30:10,India,"2
@RahulGandhi 
Who &amp; How Votes were stolen &amp; from whom!
You researched only one assembly constituency of Bengaluru and pointed out errors &amp; omissions and concluded calling ‚ÄúVote Theft‚Äù by BJP, without showing the process of stealing &amp; from whom!
The Voter list was prepared by https://t.co/dq4Bo9Z3iR",,,theft,0.06
1957339153802113103,2025-08-18,07:09:54,India,"Karnataka students' facial data likely to be 'sold or stolen': Educationists urge CM to ban AI-attendance

#school #AI #Karnataka 
Read more at: 
https://t.co/5H9tNTxmkZ https://t.co/p9wrAeqpzx",,,unknown,0.0
1957333644575719799,2025-08-18,06:48:01,"Mahabir Enclave, New Delhi ",@kharge How did congress win karnataka?how you win the loksabha election? Is it by theft of vote?How the gandhi family won the election for years after years. Is it by theft of vote?if right to vote is not there then how congress rule 7o years. Is all this happening after 2014?,,,theft,0.04
1957317574879826337,2025-08-18,05:44:09,"New Delhi, India",File affidavit in seven days or apologise: ECI ultimatum on Rahul Gandhi‚Äôs Karnataka vote theft allegations https://t.co/ULTQ0sBtKc,,,theft,0.02
1957317054136242642,2025-08-18,05:42:05,,"üó≥Ô∏è Rahul Gandhi raised concerns about vote theft in Karnataka, pointing to a voter listed in multiple states.

The Election Commission denied the claims but appreciated his support for their efforts to verify voters. 

Sounds like a heated debate!",,,theft,0.02
1957308287184961808,2025-08-18,05:07:15,,"@ANI Anurag  thakur jst showed Pappu mirror that if the criteria of Vote theft is this thn  same pattern exists evrywhr Congress has won

He nevr claimed that Congress Himachal,Karnataka, Telangana win is Vote Chori

Khngresis are so AFRAID now using @ianuragthakur press to RUN üòÇüòÇ",,,theft,0.02
1957306096273457287,2025-08-18,04:58:32,India,"üö® Landmark Conviction in Bengaluru!  JD(S) leader Prajwal Revanna gets life sentence for repeated rape &amp; blackmail. Court cites abuse of power, digital forensics &amp; survivor‚Äôs courage.

https://t.co/ypbplf1soN

#PrajwalRevanna #BengaluruCourt #LandmarkJudgment",,,rape,0.04
1957299164485992672,2025-08-18,04:31:00,RTs =/= endorsement,"""""The Election Commission of #India (ECI) on Sunday (August 17, 2025) doubled down on its demand that Leader of Opposition Rahul Gandhi submit an affidavit stating his allegations of voter roll manipulations in a Karnataka Assembly constituency.""""  

https://t.co/XVfdUyp6Qv",,,unknown,0.0
1957294450993971662,2025-08-18,04:12:16,"Hyderabad, Telangana","Koppal police book murder victim and family under POCSO
#pocso #koppal #Karnataka #crimenews
https://t.co/4DH9Z0NJs1",,,murder,0.0
1957290327007719810,2025-08-18,03:55:53,"Hyderabad, Telangana","Koppal police book murder victim and family under POCSO
#pocso #koppal #Karnataka #crimenews
https://t.co/4DH9Z0Ohhz",,,murder,0.02
1957289433474187584,2025-08-18,03:52:20,Banglore,"In Yalaburga, Karnataka a simple wish for a haircut ended in the horrific murder of a Dalit youth. When dignity is denied and life is snatched away by caste arrogance, humanity itself is wounded. This barbarity must shake our conscience‚Äîjustice cannot wait.

 #DalitLivesMatter https://t.co/Y2vPtIET0l",,,murder,0.0
1957283813022662839,2025-08-18,03:30:00,,"#Bengaluru | A 26-year-old salesman, fueled by anger over his girlfriend's breakup and new relationship, orchestrated a stabbing attack on his rival. The accused, along with his brother, has been arrested for attempted murder.

Details here üîó https://t.co/7GKUm2rbAD
#Karnataka https://t.co/73WZwibwXL",,,murder,0.06
1957282509651411005,2025-08-18,03:24:49,"Bengaluru South, India","#VoteChori @ECISVEEP @BJP4India @INCIndia
ECI didn't explain how 1. 80 voters have 1 address. 2. How 65 lakhs voters in Bihar r fake ‚ÄºÔ∏è
File affidavit in seven days or apologise: ECI ultimatum on Rahul Gandhi‚Äôs Karnataka vote theft allegations - The Hindu https://t.co/wbcV15fSBZ",,,theft,0.0
1957276162599616894,2025-08-18,02:59:36,India,"üî¥#BREAKING | """"Votes bought in 2024 Lok Sabha polls"""" : BJP accuses Karnataka Congress MLA of bribes for votes, urges investigation by poll body amid 'vote theft' row

NDTV's @dpkBopanna joins @divyawadhwa with more details https://t.co/jqJcRkizMU",,,theft,0.2
1957275563481247853,2025-08-18,02:57:13,salem tamilnadu. ,@indSupremeCourt honorable sir karnataka Dharmasthala temple last fifty years murder case handle supreme court with C.B.I.investigation. old case not FIR registration. Thank.,,,murder,0.0
1957274726386307255,2025-08-18,02:53:53,wherever you are,"@KhushMe79785954 @Amockx2022 In August 2025, Congress leader Rahul Gandhi alleged """"vote theft"""" in Indian elections, citing voter list irregularities like duplicates and deletions in states like Karnataka and Bihar. The Election Commission of India (ECI) countered in a press conference, demanding Gandhi",,,theft,0.02
1957271369860964752,2025-08-18,02:40:33,wherever you are,"@Chotabhim007B @ANI @RahulGandhi Yes, the ECI is truthful: Machine-readable voter lists are prohibited per the 2019 Supreme Court ruling in Kamal Nath vs ECI to protect privacy. Rahul Gandhi's 'vote theft' claims in Bihar and Karnataka lack evidence, as refuted by ECI, and likely aim to politically undermine",,,theft,0.0
1957248385280590107,2025-08-18,01:09:13,wherever you are,"@RAJESH_B_7 @Amock_ka_baap Rahul Gandhi alleged voter list irregularities like duplicate entries, invalid addresses (e.g., House No. 0), and unexplained additions/deletions in areas like Karnataka and Bihar, claiming """"vote theft"""" based on ECI data. BJP dismisses these as baseless, politically motivated",,,theft,0.0
1957184061241213223,2025-08-17,20:53:37,,"Is Rahul Gandhi's vote theft claim a bold truth or a baseless insult to democracy? 
- ECI demands affidavit or apology in 7 days on #Karnataka vote theft claim
- Over 1 crore staff ensure transparent polls, making 'vote chori' unlikely
- Duplicate voter names don‚Äôt mean double https://t.co/WDwGcxrrc5",,,theft,0.0
1957181063710777601,2025-08-17,20:41:42,wherever you are,"@fekubawa @ECISVEEP In today's ECI press conference, CEC Gyanesh Kumar defended voter roll integrity, dismissing """"vote theft"""" claims as baseless without affidavits. He demanded Rahul Gandhi submit one within 7 days on Karnataka allegations or apologize, and urged parties to flag Bihar SIR errors by",,,theft,0.0
1957147369159758196,2025-08-17,18:27:49,wherever you are,"@AbhishekPunn @TimesAlgebraIND Yes, it's true. The Election Commission of India issued a 7-day ultimatum to Rahul Gandhi on August 17, 2025, demanding he submit an affidavit backing his """"vote theft"""" allegations in Karnataka or apologize. This is confirmed by official statements and reports from The Hindu,",,,theft,0.02
1957131580368892302,2025-08-17,17:25:05,"Chennai, India","The #ElectionCommissionofIndia doubled down on its demand that Leader of Opposition #RahulGandhi submit an affidavit stating his allegations of voter roll manipulations in a #Karnataka Assembly constituency, reports @sreeparna_c 

https://t.co/4zup0OZXix",,,unknown,0.32
1957111773619732827,2025-08-17,16:06:22,,"@pradip103 @pradip103 Reply him 
Anurag  thakur jst showed Pappu  mirror that if the criteria of Vote theft is this thn  same pattern exists evrywhr Congress hs won

He nvr claimed that Congress Himachal,Karnataka, Telangana win is Vote theft

They r sing A Thakur pc to run away",,,theft,0.0
1957111277865550101,2025-08-17,16:04:24,,"@Pawankhera Anurag  thakur jst showed Pappu  mirror that if the criteria of Vote theft is this thn  same pattern exists evrywhr Congress hs won

He nvr claimed that Congress Himachal,Karnataka, Telangana win is Vote theft

SCARED congrassi now using A Thakur press to run away
@ianuragthakur",,,theft,0.0
1957111133560574168,2025-08-17,16:03:50,,"@pradip103 Anurag  thakur jst showed Pappu  mirror that if the criteria of Vote theft is this thn  same pattern exists evrywhr Congress hs won

He nvr claimed that Congress Himachal,Karnataka, Telangana win is Vote theft

SCARED congrassi now using A Thakur press to run away",,,theft,0.02
1957108563769196989,2025-08-17,15:53:37,"Bengaluru, India",Group of men assault couple with bat over spilt water stored in bucket https://t.co/VFkD8nyd26 #assault #attack #Bengaluru #CrimeNews #Crime #CrimeWatch @ByhalliPS @BlrCityPolice,,,assault,0.0
1957108236416364753,2025-08-17,15:52:19,,"@MeghUpdates @ShivamSanghi12 Anurag  thakur jst showed Pappu  mirror that if the criteria of Vote theft is this thn  same pattern exists evrywhr Congress hs won

He nvr claimed that Congress Himachal,Karnataka, Telangana win is Vote theft

SCARED congrassi now using A Thakur press to run away",,,theft,0.0
1957102603625546091,2025-08-17,15:29:56,,"@aajtak @ARPITAARYA @AbhishekJhaNITP @DhirendraSinha1 @ShivamSanghi12 @ShivamSanghi12 Anurag  thakur jst showed Pappu  the mirror that if the criteria of Vote theft is this thn  same pattern exists evrywhr Congress has won

He nevr claimed that Congress Himachal,Karnataka, Telangana win is Vote theft",,,theft,0.0
1957099819568099488,2025-08-17,15:18:52,,"@Arkazzzz @amitmalviya A thakur jst showed Pappu  the mirror that if the criteria of Vote theft is this thn  same pattern exists evrywhr Congress has won H

He nevr claimed that Congress Himachal,Karnataka, Telangana win is Vote theft",,,theft,0.0
